{
  "matrix": [
    [
      0.0005000000000000001,
      0.0,
      -0.5000000000000002
    ],
    [
      0.0,
      0.0006666666666666671,
      -0.5000000000000006
    ],
    [
      0.0,
      0.0,
      1.0
    ]
  ],
  "screen_points": [
    [
      1000.0,
      750.0
    ],
    [
      3000.0,
      750.0
    ],
    [
      3000.0,
      2250.0
    ],
    [
      1000.0,
      2250.0
    ]
  ],
  "created_at": "2026-04-19T03:57:53.159302"
}