{
  "matrix": [
    [
      0.0010272817197813943,
      0.0002628288924617777,
      -1.3919857479145064
    ],
    [
      3.628374622197826e-06,
      0.001703940543732243,
      -1.7573160974942617
    ],
    [
      4.768085312319703e-05,
      0.00043110510108634913,
      1.0
    ]
  ],
  "screen_points": [
    [
      793.75,
      2193.75
    ],
    [
      2830.75,
      2264.25
    ],
    [
      1091.75,
      1029.0
    ],
    [
      2618.0,
      1025.75
    ]
  ],
  "created_at": "2026-04-19T05:09:05.183731"
}