{
  "matrix": [
    [
      -2.2057662526787998,
      1.1340466273127485,
      0.7175247997007966
    ],
    [
      -0.3618316150687049,
      0.040743541037889255,
      0.13790479771274622
    ],
    [
      -2.6670137913716108,
      1.0647250443149043,
      1.0
    ]
  ],
  "screen_points": [
    [
      0.48019444942474365,
      0.8797648549079895
    ],
    [
      0.6832917332649231,
      0.6963179707527161
    ],
    [
      0.5521386861801147,
      0.4010668694972992
    ],
    [
      0.3967880606651306,
      0.13905681669712067
    ]
  ],
  "created_at": "2026-04-19T02:07:31.063667"
}